"","Name","2018Ridership","Rank2018","geometry"
"1","138 St-Grand Concourse",3166,363,c(-73.9298489993561, 40.8132239995891)
"2","149 St-Grand Concourse",13081,116,c(-73.9267224743861, 40.8183301440974)
"3","161 St-Yankee Stadium",26034,43,c(-73.9256509977548, 40.8279049988458)
"4","167 St",9398,167,c(-73.9213999978443, 40.8355369993367)
"5","167 St",6342,242,c(-73.9184320008225, 40.833768998628)
"6","170 St",8140,187,c(-73.9133999984698, 40.8393059996416)
"7","170 St",7913,191,c(-73.9177909974593, 40.84007499993)
"8","174 St",6751,228,c(-73.8876935981289, 40.8371955501706)
"9","174-175 Sts",3221,356,c(-73.9101360005008, 40.8458999998341)
"10","176 St",5807,259,c(-73.9117939988447, 40.8484800012369)
"11","182-183 Sts",4752,296,c(-73.9007409999897, 40.8560929988186)
"12","183 St",5754,262,c(-73.9038790015153, 40.8584070004084)
"13","219 St",3335,350,c(-73.8625097078866, 40.8838879746253)
"14","225 St",3961,324,c(-73.8602146177274, 40.8880282586379)
"15","231 St",10287,154,c(-73.9048340010787, 40.8788559981793)
"16","233 St",4864,291,c(-73.8573623952154, 40.8931432413838)
"17","238 St",3225,354,c(-73.9008700001852, 40.8846670006497)
"18","3 Av-138 St",7801,192,c(-73.9261380001413, 40.8104760011726)
"19","3 Av-149 St",22357,58,c(-73.9177915276098, 40.81602925251)
"20","Allerton Av",5144,283,c(-73.8672342285163, 40.8654833779393)
"21","Baychester Av",3551,340,c(-73.8385909980215, 40.8786630003731)
"22","Bedford Park Blvd",6419,237,c(-73.8871379988957, 40.8732439986165)
"23","Bedford Park Blvd-Lehman College",5170,282,c(-73.8900640006948, 40.8734119998012)
"24","Bronx Park East",2498,382,c(-73.868356091781, 40.8487686663389)
"25","Brook Av",6040,252,c(-73.9192399990943, 40.807565999877)
"26","Buhre Av",3744,332,c(-73.8325690000374, 40.8468099988855)
"27","Burke Av",3234,352,c(-73.867053617476, 40.8712588025477)
"28","Burnside Av",10231,156,c(-73.9076840015997, 40.8534530015569)
"29","Castle Hill Av",6483,234,c(-73.8512219996147, 40.8342549982546)
"30","Cypress Av",3651,336,c(-73.9140419999475, 40.8053680007636)
"31","East 143 St-St Mary's St",1019,416,c(-73.9076569993649, 40.8087190009014)
"32","East 149 St",4842,292,c(-73.9040979987595, 40.812117998272)
"33","East 180 St",7175,213,c(-73.8733460951088, 40.8418630412186)
"34","Eastchester-Dyre Av",4506,309,c(-73.8308340021742, 40.8882999990101)
"35","Elder Av",6323,243,c(-73.8791589987478, 40.8285840010893)
"36","Fordham Rd",10395,153,c(-73.897749001024, 40.8612959986835)
"37","Fordham Rd",11361,134,c(-73.901033999217, 40.8628029998894)
"38","Freeman St",4451,313,c(-73.8917522534946, 40.8299874463841)
"39","Gun Hill Rd",6930,223,c(-73.866134105387, 40.877839385172)
"40","Gun Hill Rd",5362,274,c(-73.8463840015176, 40.8695259996268)
"41","Hunts Point Av",10460,150,c(-73.8905490001734, 40.8209479985231)
"42","Intervale Av",3130,364,c(-73.8966173846165, 40.8221421311708)
"43","Jackson Av",5288,278,c(-73.9077019387083, 40.816437466864)
"44","Kingsbridge Rd",8992,171,c(-73.8935090000331, 40.8669779999994)
"45","Kingsbridge Rd",7922,190,c(-73.8971740010174, 40.8677600008858)
"46","Longwood Av",3395,346,c(-73.8964349989741, 40.8161039999724)
"47","Middletown Rd",2036,395,c(-73.8363219975594, 40.8438630012838)
"48","Morris Park",2417,385,c(-73.8604950011725, 40.8543639996643)
"49","Morrison Av-Soundview",6361,239,c(-73.8745159992949, 40.8295210015675)
"50","Mosholu Pkwy",8195,185,c(-73.8846549998873, 40.8797499994723)
"51","Mt Eden Av",5337,276,c(-73.9146849986034, 40.8444340009268)
"52","Nereid Av",3437,344,c(-73.8543153107622, 40.8982865155753)
"53","Norwood-205 St",8429,181,c(-73.8788549991869, 40.8748110001118)
"54","Parkchester",15660,90,c(-73.860816001084, 40.8332259992786)
"55","Pelham Bay Park",7001,219,c(-73.8281210005929, 40.8524619995166)
"56","Pelham Pkwy",8472,180,c(-73.8674806785004, 40.8571924091606)
"57","Pelham Pkwy",3083,367,c(-73.8553590004356, 40.8589849998201)
"58","Prospect Av",7038,217,c(-73.9928720006742, 40.6654136671298)
"59","Simpson St",8477,178,c(-73.893066395079, 40.8239768412374)
"60","St Lawrence Av",4040,321,c(-73.8676179992367, 40.8315090005233)
"61","Tremont Av",10398,152,c(-73.9052270012235, 40.8504099995102)
"62","Van Cortlandt Park-242 St",7742,193,c(-73.8985830004965, 40.8892480001148)
"63","Wakefield-241 St",4763,295,c(-73.8506199987954, 40.9031250005412)
"64","West Farms Sq-East Tremont Av",6866,226,c(-73.8799612787718, 40.840207632418)
"65","Westchester Sq-East Tremont Av",6097,249,c(-73.8429519992501, 40.8398920010139)
"66","Whitlock Av",1894,399,c(-73.8862829985325, 40.826525000559)
"67","Woodlawn",6937,222,c(-73.8787509999093, 40.8860370002533)
"68","Zerega Av",2629,379,c(-73.8470359987544, 40.8364880006082)
"69","15 St-Prospect Park",6136,247,c(-73.9797358059287, 40.6600356881002)
"70","18 Av",6136,248,c(-73.976970999658, 40.6297546663858)
"71","18 Av",3947,325,c(-73.9904539986599, 40.62068699768)
"72","18 Av",3097,366,c(-74.0015925923941, 40.6077357317174)
"73","20 Av",4905,288,c(-73.9845219984611, 40.617108999866)
"74","20 Av",3514,341,c(-73.9981743215757, 40.6046769981693)
"75","25 Av",5083,284,c(-73.9868290001148, 40.5977036669586)
"76","25 St",3755,331,c(-73.998090999743, 40.6603966669232)
"77","36 St",13493,111,c(-74.0035489995181, 40.6551436663389)
"78","4 Av /9 St",12560,123,c(-73.989778999389, 40.6702716672849)
"79","45 St",7205,209,c(-74.0100060007494, 40.6489386666128)
"80","50 St",3195,359,c(-73.9838489998663, 40.7617279996142)
"81","53 St",7565,200,c(-74.0140339998632, 40.6450686673598)
"82","55 St",2185,388,c(-73.9953488259574, 40.6314787609374)
"83","59 St",12301,126,c(-74.0178809995399, 40.6413616662838)
"84","7 Av",10210,157,c(-73.9802511790094, 40.6662446900199)
"85","7 Av",11636,131,c(-73.9728527919102, 40.6771021798329)
"86","71 St",5607,267,c(-73.9988409485069, 40.6192587097727)
"87","77 St",5612,266,c(-73.9598739988605, 40.7736200007461)
"88","79 St",6177,245,c(-74.0005828743151, 40.6131589256952)
"89","8 Av",11474,133,c(-74.0025780010476, 40.739776666382)
"90","86 St",1928,397,c(-73.9762179985933, 40.7886440007389)
"91","86 St",11338,136,c(-73.9517709096492, 40.7778610433316)
"92","9 Av",5344,275,c(-73.994448744512, 40.6464840772664)
"93","Alabama Av",2147,389,c(-73.8985260015965, 40.6769980000038)
"94","Atlantic Av",1842,400,c(-73.9030969995401, 40.6753446664081)
"95","Atlantic Av-Barclays Ctr",43211,19,c(-73.9788099995677, 40.6836656672794)
"96","Avenue H",3418,345,c(-73.961517939425, 40.6292083775897)
"97","Avenue I",1096,414,c(-73.9760693317093, 40.6250174401914)
"98","Avenue J",6058,250,c(-73.9606931624693, 40.6250228199152)
"99","Avenue M",6001,255,c(-73.9592431052215, 40.6173977444437)
"100","Avenue N",2087,392,c(-73.9740485087314, 40.6143567119088)
"101","Avenue P",1710,408,c(-73.9730028152875, 40.6088428089499)
"102","Avenue U",1042,415,c(-73.9733764197488, 40.5959248255175)
"103","Avenue U",2627,380,c(-73.9790840009943, 40.5972359999204)
"104","Avenue U",7323,203,c(-73.955811223163, 40.5993089509548)
"105","Avenue X",2662,378,c(-73.9742659996891, 40.5894496666253)
"106","Bay 50 St",2674,377,c(-73.9837650004595, 40.5888406665193)
"107","Bay Pkwy",7719,194,c(-73.9936762000529, 40.6019504615723)
"108","Bay Pkwy",623,421,c(-73.9752569782215, 40.6207316231679)
"109","Bay Pkwy",7261,206,c(-73.9817800106929, 40.6114557898901)
"110","Bay Ridge Av",7236,208,c(-74.0233769995073, 40.6349666668238)
"111","Bay Ridge-95 St",5812,258,c(-74.0308760008576, 40.6166216672595)
"112","Bedford Av",26603,39,c(-73.9566649980652, 40.717173998589)
"113","Bedford-Nostrand Avs",8821,173,c(-73.9535220006402, 40.6896270015844)
"114","Bergen St",3653,335,c(-73.9749991511681, 40.6808621368296)
"115","Bergen St",11174,137,c(-73.9907564957357, 40.6861105472598)
"116","Beverley Rd",3350,349,c(-73.9643577962313, 40.6439045986042)
"117","Beverly Rd",4255,319,c(-73.948847983817, 40.6451235189437)
"118","Brighton Beach",12065,128,c(-73.961353785988, 40.5777101966424)
"119","Broadway",4467,312,c(-73.9503122560662, 40.7061265762742)
"120","Broadway Junction",8142,186,c(-73.9042899974641, 40.6793660014737)
"121","Bushwick Av-Aberdeen St",2079,394,c(-73.9052617630511, 40.6828606255118)
"122","Canarsie-Rockaway Pkwy",11947,130,c(-73.9018500001729, 40.6466536673953)
"123","Carroll St",11562,132,c(-73.9949469799884, 40.6802733517018)
"124","Central Av",2393,386,c(-73.9272429990284, 40.6978730001183)
"125","Chauncey St",3387,347,c(-73.9103835703338, 40.682851300878)
"126","Church Av",9193,169,c(-73.9494551403533, 40.6508606878022)
"127","Church Av",16528,82,c(-73.9628824619211, 40.6504932464648)
"128","Church Av",9492,165,c(-73.9797211622908, 40.64427200013)
"129","Clark St",5275,279,c(-73.9930859982196, 40.6974659999647)
"130","Classon Av",5301,277,c(-73.9599900013721, 40.6888890002646)
"131","Cleveland St",2975,369,c(-73.8851940021643, 40.6797779989612)
"132","Clinton-Washington Avs",7068,215,c(-73.9658379985728, 40.6832629991264)
"133","Clinton-Washington Avs",5025,286,c(-73.9667959986695, 40.6880940010605)
"134","Coney Island-Stillwell Av",13203,115,c(-73.9812359981396, 40.5772810000675)
"135","Cortelyou Rd",6276,244,c(-73.9637900550549, 40.6409401651401)
"136","Court St /Borough Hall",35599,28,c(-73.9901510009054, 40.692403999991)
"137","Crescent St",4539,308,c(-73.8739292521578, 40.6831526570774)
"138","Crown Heights-Utica Av",25336,48,c(-73.9329325608185, 40.6689783110781)
"139","Cypress Hills",1457,411,c(-73.87332199883, 40.6896160008388)
"140","DeKalb Av",22069,59,c(-73.9817709444095, 40.6906481199698)
"141","DeKalb Av",12638,120,c(-73.9182320021972, 40.7036929996164)
"142","Ditmas Av",3904,328,c(-73.9781719996516, 40.6361186666629)
"143","East 105 St",3798,329,c(-73.8995476938872, 40.650468785447)
"144","Eastern Pkwy-Brooklyn Museum",4637,303,c(-73.9642220374842, 40.6720322354592)
"145","Euclid Av",10191,158,c(-73.8721060009968, 40.6753769982394)
"146","Flatbush Av-Brooklyn College",19763,68,c(-73.9475412073441, 40.6328424070074)
"147","Flushing Av",2949,370,c(-73.9502340010257, 40.7003766662215)
"148","Flushing Av",8336,183,c(-73.9413773483837, 40.7004044029811)
"149","Fort Hamilton Pkwy",3936,326,c(-73.9942022375285, 40.6409127114447)
"150","Fort Hamilton Pkwy",5807,260,c(-73.9757759991747, 40.6507816680342)
"151","Fort Hamilton Pkwy",3232,353,c(-74.0053510004628, 40.6313856672244)
"152","Franklin Av /Botanic Garden",14581,102,c(-73.9580997367769, 40.6707651534489)
"153","Franklin Av",6358,240,c(-73.9568480001461, 40.6813796665874)
"154","Fulton St",5462,271,c(-73.9753749983315, 40.6871189995077)
"155","Gates Av",7255,207,c(-73.9221560015075, 40.6895839990139)
"156","Graham Av",9959,160,c(-73.9439439986904, 40.7145759983636)
"157","Grand Army Plaza",7188,211,c(-73.9709563319228, 40.6752946951032)
"158","Grand St",6964,220,c(-73.9404969987464, 40.7115760006482)
"159","Grant Av",5896,257,c(-73.865049998777, 40.6770440005448)
"160","Greenpoint Av",9509,164,c(-73.9544250014624, 40.7312669997146)
"161","Halsey St",6579,233,c(-73.9166388842194, 40.6864152707043)
"162","Halsey St",8386,182,c(-73.9039340011863, 40.6955180011488)
"163","Hewes St",2782,374,c(-73.9534880003846, 40.706889998054)
"164","High St",10281,155,c(-73.9905310006546, 40.6993369997788)
"165","Hoyt St",6938,221,c(-73.9850637957565, 40.6905441853547)
"166","Hoyt-Schermerhorn Sts",10540,148,c(-73.9850362403414, 40.6884084758064)
"167","Jay St-MetroTech",42274,21,c(-73.9872181526732, 40.6924706368471)
"168","Jefferson St",7674,196,c(-73.9229130000312, 40.7066066659887)
"169","Junius St",2080,393,c(-73.9024486418356, 40.6635890018172)
"170","Kings Hwy",19569,72,c(-73.9576087353808, 40.608638645396)
"171","Kings Hwy",4567,307,c(-73.9723553085244, 40.6032584051283)
"172","Kings Hwy",3328,351,c(-73.9803730022934, 40.6040589998049)
"173","Kingston Av",4623,304,c(-73.9421597839296, 40.6694814486498)
"174","Kingston-Throop Avs",6585,232,c(-73.9408589987126, 40.679918999416)
"175","Knickerbocker Av",2446,384,c(-73.9197200018862, 40.6986600012381)
"176","Kosciuszko St",6144,246,c(-73.9285089992741, 40.693172001292)
"177","Lafayette Av",4889,289,c(-73.9739459984941, 40.6861130002057)
"178","Liberty Av",2754,375,c(-73.8965480010393, 40.6745419998709)
"179","Livonia Av",3209,357,c(-73.9005623722606, 40.6640572709464)
"180","Lorimer St",4837,293,c(-73.947354998842, 40.7038440000421)
"181","Lorimer St /Metropolitan Av",14299,108,c(-73.9502479999697, 40.7140720006472)
"182","Marcy Av",13315,113,c(-73.9578320007573, 40.7083830000179)
"183","Montrose Av",6884,225,c(-73.9397928471351, 40.7073910643846)
"184","Morgan Av",7510,202,c(-73.9331470002421, 40.7061516668073)
"185","Myrtle Av",12122,127,c(-73.9356230012996, 40.6971950005145)
"186","Myrtle-Willoughby Avs",5736,263,c(-73.9490669989016, 40.6946189990377)
"187","Myrtle-Wyckoff Avs",21241,63,c(-73.9109757182647, 40.6994710624271)
"188","Nassau Av",9312,168,c(-73.9511830001652, 40.7244799978083)
"189","Neck Rd",4405,315,c(-73.9550782749376, 40.595321691117)
"190","Neptune Av",1516,410,c(-73.9745927281881, 40.5807387584915)
"191","Nevins St",10426,151,c(-73.9804067987458, 40.6883105801902)
"192","New Lots Av",5573,268,c(-73.8841107080033, 40.6663149325969)
"193","New Lots Av",4869,290,c(-73.8992779605714, 40.6589147736853)
"194","New Utrecht Av /62 St",4673,302,c(-73.9963530002597, 40.6248416672589)
"195","Newkirk Av",7312,204,c(-73.9482999082241, 40.6399912427531)
"196","Newkirk Plaza",10534,149,c(-73.9626948683726, 40.6351419373379)
"197","Norwood Av",3190,360,c(-73.8796259991078, 40.6815200004568)
"198","Nostrand Av",3907,327,c(-73.9504262489579, 40.6699381509305)
"199","1 Av",20998,65,c(-73.9816808748913, 40.7309749758007)
"200","103 St",5444,272,c(-73.9613700826762, 40.7960607399045)
"201","103 St",12569,122,c(-73.9683789996082, 40.7994460003348)
"202","103 St",13285,114,c(-73.9474780015222, 40.7906000000845)
"203","110 St",10851,142,c(-73.9442499968716, 40.7950200001131)
"204","116 St",10707,147,c(-73.949625000969, 40.802097999133)
"205","116 St",14715,100,c(-73.9416169983714, 40.7986290002001)
"206","116 St",7613,198,c(-73.9547977805731, 40.8050581334421)
"207","116 St-Columbia University",15079,97,c(-73.9641099975775, 40.8077220012309)
"208","125 St",7679,195,c(-73.9583720009704, 40.8155809999789)
"209","125 St",14746,99,c(-73.9454950001141, 40.8077539991828)
"210","125 St",27605,37,c(-73.9375940005573, 40.8041380005872)
"211","125 St",27677,35,c(-73.9522479973477, 40.8110716729946)
"212","135 St",14343,106,c(-73.9407700010671, 40.8142290003391)
"213","135 St",5490,270,c(-73.9475348087921, 40.8179055592127)
"214","137 St-City College",13371,112,c(-73.9536760008787, 40.8220079996848)
"215","14 St /6 Av",48508,16,c(-73.9962089992136, 40.7382279996951)
"216","14 St /8 Av",44031,18,c(-74.0016899993703, 40.7408930001933)
"217","14 St-Union Sq",103572,4,c(-73.9899509988188, 40.7346730009961)
"218","145 St",9433,166,c(-73.9503599987971, 40.8265509996219)
"219","145 St",2105,390,c(-73.936244998733, 40.8204209996928)
"220","145 St",23047,55,c(-73.9440879282312, 40.8247663608719)
"221","155 St",3595,338,c(-73.9382089981162, 40.8301349999812)
"222","155 St",3168,362,c(-73.9415140008221, 40.8305179992925)
"223","157 St",11036,139,c(-73.9448899990105, 40.8340410001399)
"224","163 St-Amsterdam Av",1711,407,c(-73.9398920018834, 40.836012999231)
"225","168 St",26138,42,c(-73.9395609998543, 40.8407189999079)
"226","175 St",12580,121,c(-73.939703997616, 40.847391000724)
"227","18 St",8860,172,c(-73.9978710006041, 40.7410399998021)
"228","181 St",11342,135,c(-73.9335959996056, 40.8495049997407)
"229","181 St",10760,146,c(-73.9379690020501, 40.8516949997446)
"230","190 St",4574,306,c(-73.9341799996433, 40.8590219989248)
"231","191 St",8032,189,c(-73.9294119974204, 40.8552250017584)
"232","2 Av",15995,87,c(-73.9899380000343, 40.7234016657491)
"233","207 St",6349,241,c(-73.9188190013231, 40.8646140005259)
"234","215 St",1787,404,c(-73.9152789995436, 40.8694439994605)
"235","23 St",15470,93,c(-73.9956570016487, 40.7440809998975)
"236","23 St",31597,31,c(-73.9865990020789, 40.7398640004746)
"237","23 St",24397,50,c(-73.998041001172, 40.7459059994)
"238","23 St",18416,76,c(-73.9927650047139, 40.742954317826)
"239","23 St",26381,40,c(-73.9893440010291, 40.74130266729)
"240","28 St",14797,98,c(-73.9933650013432, 40.7472149991822)
"241","28 St",12019,129,c(-73.9842640011041, 40.743069999259)
"242","28 St",14302,107,c(-73.9886980012874, 40.7454539997995)
"243","3 Av",6749,229,c(-73.9857500011209, 40.7326909997166)
"244","33 St",32608,30,c(-73.9820760014895, 40.7460809990914)
"245","34 St-Herald Square",126576,3,c(-73.9879368338264, 40.7496445600944)
"246","34 St-Hudson Yards",10789,145,c(-74.0021970944221, 40.755446359616)
"247","34 St-Penn Station",85180,6,c(-73.9910569991398, 40.7503730000395)
"248","34 St-Penn Station",80346,7,c(-73.9933909997058, 40.7522870007759)
"249","42 St-Bryant Pk /5 Av",55872,12,c(-73.9845909990471, 40.7541840013125)
"250","47-50 Sts-Rockefeller Center",61027,11,c(-73.981331002277, 40.7586410015981)
"251","49 St",25911,44,c(-73.984209565911, 40.7598019738707)
"252","5 Av-53 St",27612,36,c(-73.9752485052734, 40.7600868323133)
"253","5 Av-59 St",16638,81,c(-73.9733470004705, 40.7648109997553)
"254","50 St",26268,41,c(-73.9838489998663, 40.7617279996142)
"255","50 St",19757,69,c(-73.9859840002641, 40.76245599926)
"256","57 St",7638,197,c(-73.9773680008517, 40.7640850008171)
"257","57 St-7 Av",37870,24,c(-73.9807297337213, 40.7645655250183)
"258","59 St-Columbus Circle",73003,8,c(-73.981648723014, 40.7682495317761)
"259","66 St-Lincoln Center",22890,56,c(-73.9822089999578, 40.7734400005204)
"260","68 St-Hunter College",22757,57,c(-73.9638700015804, 40.7681410004968)
"261","7 Av",17947,77,c(-73.9802511790094, 40.6662446900199)
"262","72 St",39477,23,c(-73.976336575218, 40.7755193972926)
"263","72 St",4472,310,c(-73.9819700015958, 40.7784530006861)
"264","72 St",30253,33,c(-73.9583617868225, 40.768802510149)
"265","77 St",25369,47,c(-73.9598739988605, 40.7736200007461)
"266","79 St",15175,95,c(-73.9799170005613, 40.7839339995903)
"267","8 St-New York University",17192,80,c(-73.9925079984915, 40.7304649985399)
"268","81 St-Museum of Natural History",15383,94,c(-73.9720979493721, 40.7813460841821)
"269","86 St",19325,73,c(-73.9762179985933, 40.7886440007389)
"270","86 St",43169,20,c(-73.9555889998513, 40.7794919982095)
"271","Nostrand Av",17437,79,c(-73.9504260009968, 40.6804380000623)
"272","Ocean Pkwy",3199,358,c(-73.9685009997518, 40.5763116670809)
"273","Park Pl",1725,406,c(-73.9576240007463, 40.6747716668526)
"274","Parksde Av",6050,251,c(-73.9614534398765, 40.6550730416372)
"275","Pennylvania Av",4331,316,c(-73.8948859115406, 40.6647144514357)
"276","President St",4019,323,c(-73.9505892002221, 40.6678836035368)
"277","Prospect Av",5523,269,c(-73.9928720006742, 40.6654136671298)
"278","Prospect Park",10059,159,c(-73.9620313042661, 40.6616334551018)
"279","Ralph Av",5768,261,c(-73.9207859993331, 40.6788220008734)
"280","Rockaway Av",4747,297,c(-73.9089583358445, 40.6626174881522)
"281","Rockaway Av",5667,265,c(-73.9119459972662, 40.6783399998835)
"282","Saratoga Av",5246,280,c(-73.9163302500795, 40.6615297898075)
"283","Sheepshead Bay",13946,109,c(-73.9540579125791, 40.5865475470754)
"284","Shepherd Av",3182,361,c(-73.8807499974727, 40.6741300014559)
"285","Smith-9 Sts",4689,300,c(-73.9958917279093, 40.6736410609041)
"286","Sterling St",5684,264,c(-73.9507289112494, 40.6627729934283)
"287","Sutter Av",4029,322,c(-73.9019160004208, 40.669145000614)
"288","Sutter Av-Rutland Rd",6657,231,c(-73.92252118536, 40.6647667887749)
"289","Union St",6835,227,c(-73.9831099990967, 40.677315667351)
"290","Utica Av",16121,85,c(-73.9307289991403, 40.6793639995055)
"291","Van Siclen Av",2904,371,c(-73.8894049173011, 40.6655179630596)
"292","Van Siclen Av",3021,368,c(-73.8903580002471, 40.672709999061)
"293","Van Siclen Av",2678,376,c(-73.8916577270245, 40.6780282144778)
"294","West 8 St-New York Aquarium",2469,383,c(-73.9759578741382, 40.5760338181036)
"295","Wilson Av",4468,311,c(-73.9039586049186, 40.6888665424602)
"296","Winthrop St",7262,205,c(-73.9500793459099, 40.6566593137608)
"297","York St",11032,140,c(-73.9868849999367, 40.6997426676916)
"298","86 St",6007,253,c(-73.9781889993627, 40.5924650008886)
"299","86 St",25455,46,c(-73.9517709096492, 40.7778610433316)
"300","96 St",36026,27,c(-73.972322999157, 40.7939190012147)
"301","96 St",17447,78,c(-73.9510700015425, 40.7856719999861)
"302","96 St",9924,162,c(-73.9646024568717, 40.7916187976701)
"303","96 St",19318,74,c(-73.9470660219183, 40.7842366501777)
"304","Astor Place",16031,86,c(-73.9910699986197, 40.7300540002898)
"305","Bowery",3738,333,c(-73.9938069065424, 40.7202468831473)
"306","Bowling Green",28646,34,c(-74.0140079980343, 40.7049139992808)
"307","Broad St",7050,216,c(-74.0110559999175, 40.706476001106)
"308","Broadway-Lafayette St /Bleecker St",36493,25,c(-73.9962039987605, 40.725296998738)
"309","Brooklyn Bridge-City Hall /Chambers St",30932,32,c(-74.0034067303134, 40.7132337896267)
"310","Canal St",6410,238,c(-74.0062770001748, 40.7228539977878)
"311","Canal St",20424,67,c(-74.0052290023424, 40.7208240000712)
"312","Canal St",47034,17,c(-74.0010547130603, 40.7188142635871)
"313","Cathedral Pkwy-110 St",12526,124,c(-73.9668470005456, 40.8039669996148)
"314","Cathedral Pkwy-110 St",3785,330,c(-73.9580667066136, 40.800581558115)
"315","Central Park North-110 St",8815,174,c(-73.9518220017691, 40.7990749997732)
"316","Chambers St",21303,62,c(-74.0092660017011, 40.7154780001133)
"317","Chambers St /WTC /Park Place",72396,9,c(-74.0085847357013, 40.714111000774)
"318","Christopher St-Sheridan Sq",9675,163,c(-74.0029059985524, 40.7334220010422)
"319","City Hall",6657,230,c(-74.0069858178034, 40.713272331117)
"320","Delancey St /Essex St",24562,49,c(-73.9874094020297, 40.7183060561862)
"321","Dyckman St",7002,218,c(-73.9255360000647, 40.860531001388)
"322","Dyckman St",6477,235,c(-73.9272709996073, 40.8654909989689)
"323","East Broadway",13868,110,c(-73.990177001222, 40.7138550010204)
"324","Franklin St",5943,256,c(-74.0068860027711, 40.7193180013021)
"325","Fulton St",92990,5,c(-74.0079380011039, 40.7100226665842)
"326","Grand Central-42 St",155345,2,c(-73.9767132992584, 40.7518074298163)
"327","Grand St",23422,53,c(-73.9937529991359, 40.7182669995499)
"328","Harlem-148 St",4074,320,c(-73.9364700000556, 40.8238800008046)
"329","Houston St",15698,88,c(-74.0053670018058, 40.7282510007302)
"330","Inwood-207 St",8793,175,c(-73.9198990010047, 40.8680719999974)
"331","Lexington Av /59 St",55608,14,c(-73.9679670004732, 40.7625260003046)
"332","Lexington Av-53 St /51 St",64499,10,c(-73.969072374902, 40.7574683078287)
"333","Lexington Av-63 St",21394,61,c(-73.9660896441325, 40.7646180944237)
"334","Marble Hill-225 St",5433,273,c(-73.9098309992355, 40.8745609994179)
"335","Prince St",14408,105,c(-73.9977020004599, 40.7243286659757)
"336","Rector St",9005,170,c(-74.0137830011974, 40.7075129995218)
"337","Rector St",7185,212,c(-74.0129745625379, 40.7077447562945)
"338","Roosevelt Island",7153,214,c(-73.9532349997887, 40.7591719996711)
"339","South Ferry /Whitehall St",33797,29,c(-74.0131689591926, 40.7017305075745)
"340","Spring St",10822,144,c(-73.9971410000667, 40.7223009999937)
"341","Spring St",13054,117,c(-74.0037389984376, 40.7262270012931)
"342","Times Sq-42 St /42 St",204017,1,c(-73.9874950005188, 40.7552899999568)
"343","Wall St",23968,52,c(-74.0090999984426, 40.7068209997534)
"344","Wall St",19745,70,c(-74.0118619986011, 40.707557000866)
"345","West 4 St-Washington Sq",40666,22,c(-74.0003081475597, 40.7322544933679)
"346","WTC Cortland",3558,339,c(-74.0121880011229, 40.7118350008202)
"347","103 St-Corona Plaza",19682,71,c(-73.8626999983041, 40.7498650005555)
"348","104 St",1841,401,c(-73.83768300061, 40.6817110010912)
"349","104 St",1587,409,c(-73.8444350002968, 40.6951659982337)
"350","111 St",11091,138,c(-73.8553339983488, 40.7517299994171)
"351","111 St",2596,381,c(-73.8321629984539, 40.6843310000124)
"352","111 St",2819,373,c(-73.836793384547, 40.6971148106965)
"353","121 St",1354,412,c(-73.8283490001795, 40.7004819985153)
"354","169 St",8109,188,c(-73.7934741992772, 40.710517502784)
"355","21 St",1757,405,c(-73.9495999997552, 40.7441286664954)
"356","21 St-Queensbridge",10840,143,c(-73.9419376145745, 40.7537392708755)
"357","30 Av",8286,184,c(-73.9214790001739, 40.766778666733)
"358","33 St-Rawson St",11029,141,c(-73.9309969995384, 40.7445869998399)
"359","36 Av",5073,285,c(-73.929861999118, 40.7564420005104)
"360","36 St",5177,281,c(-73.9290181846154, 40.7519600440108)
"361","39 Av-Dutch kills",2356,387,c(-73.932851376796, 40.7527630614085)
"362","40 St-Lowery St",9954,161,c(-73.9240159984882, 40.7437810014913)
"363","46 St",8752,177,c(-73.9135217499554, 40.7563169526081)
"364","46 St-Bliss St",12828,118,c(-73.9184350010397, 40.7431320006038)
"365","52 St",6001,254,c(-73.9125489989125, 40.7441490010216)
"366","63 Dr-Rego Park",15574,92,c(-73.861618200972, 40.7297639724224)
"367","65 St",3601,337,c(-73.8987883783301, 40.7497195293568)
"368","67 Av",8774,176,c(-73.8528604843491, 40.726505475813)
"369","69 St",4679,301,c(-73.8964029993185, 40.7463249994103)
"370","74-Bway /Jackson Hts-Roosevelt Av",51766,15,c(-73.891298665197, 40.7465396911589)
"371","75 Av",3455,343,c(-73.8369236938716, 40.7180446534874)
"372","75 St-Elderts Ln",3464,342,c(-73.8672879994496, 40.6912900012467)
"373","80 St",4316,317,c(-73.8589920020633, 40.6793710011543)
"374","82 St-Jackson Hts",14626,101,c(-73.8836970007188, 40.7476589995591)
"375","85 St-Forest Pkwy",3699,334,c(-73.8600870000687, 40.692426999661)
"376","88 St",2835,372,c(-73.8514700002609, 40.679843001355)
"377","90 St-Elmhurst Av",16253,84,c(-73.8766129998698, 40.7484080006091)
"378","Aqueduct Racetrack",1901,398,c(-73.8359189996516, 40.6720969991728)
"379","Aqueduct-North Conduit Av",921,417,c(-73.8340579994872, 40.6682340016998)
"380","Astoria Blvd",14425,104,c(-73.9180950010924, 40.7700369994909)
"381","Astoria-Ditmars Blvd",15663,89,c(-73.9120340001031, 40.7750356665237)
"382","Beach 105 St",261,424,c(-73.8275807503453, 40.5832684381029)
"383","Beach 25 St",1792,403,c(-73.7613529976207, 40.6000660010588)
"384","Beach 36 St",887,418,c(-73.7681749993969, 40.5953980016688)
"385","Beach 44 St",693,420,c(-73.7760129999951, 40.5929429990862)
"386","Beach 60 St",2013,396,c(-73.7885219980118, 40.5923740012123)
"387","Beach 67 St-Arverne By The Sea",2103,391,c(-73.7969239998421, 40.5909270007813)
"388","Beach 90 St",1097,413,c(-73.8136514041963, 40.5880915645732)
"389","Beach 98 St",481,422,c(-73.8205205895952, 40.5853856913328)
"390","Briarwood-Van Wyck Blvd",4913,287,c(-73.8206926363744, 40.7091618153695)
"391","Broad Channel",285,423,c(-73.8158326878296, 40.6084021806968)
"392","Broadway",8473,179,c(-73.9258229991991, 40.7614319988005)
"393","Court Sq",23995,51,c(-73.9460547026633, 40.7477681214143)
"394","Elmhurst Av",12463,125,c(-73.8820347465864, 40.7423700797217)
"395","Far Rockaway-MottAv",4435,314,c(-73.7554049992473, 40.6039950016875)
"396","Flushing-Main St",55669,13,c(-73.8300300026251, 40.7595999991501)
"397","Forest Av",3124,365,c(-73.9030750000595, 40.7044120008781)
"398","Forest Hills-71 Av",26613,38,c(-73.8445167201267, 40.7215943095359)
"399","Fresh Pond Rd",4716,299,c(-73.8958980017196, 40.7062259982305)
"400","Grand Av-Newtown",18489,75,c(-73.8772208566918, 40.7368134181971)
"401","Howard Beach-JFK Airport",3376,348,c(-73.8303010007103, 40.6604760000496)
"402","Hunters Point Av",7205,210,c(-73.9489160009391, 40.7422159998632)
"403","Jamaica Center-Parsons-Archer",36368,26,c(-73.8010963229892, 40.7020673762119)
"404","Jamaica-179 St",21452,60,c(-73.7838170017645, 40.712645666744)
"405","Jamaica-Van Wyck",4717,298,c(-73.8170128713541, 40.7028985528731)
"406","Junction Blvd",21100,64,c(-73.8695270010352, 40.7491449994884)
"407","Kew Gardens-Union Turnpike",25536,45,c(-73.8303702709878, 40.714034819571)
"408","Mets - Willets Point",4606,305,c(-73.8456249984179, 40.7546219988126)
"409","Middle Village - Metropolitan Av",3225,355,c(-73.8895772297809, 40.7114313050583)
"410","Northern Blvd",6904,224,c(-73.9060650805236, 40.7528248292361)
"411","Ozone Park - Lefferts Blvd",7591,199,c(-73.8257979990661, 40.6859509987836)
"412","Parsons Blvd",6462,236,c(-73.8032890002189, 40.7075719996157)
"413","Queens Plaza",12747,119,c(-73.9371382396569, 40.7489177198632)
"414","Queensboro Plaza",14517,103,c(-73.9401635351909, 40.7506356510148)
"415","Rockaway Blvd",7534,201,c(-73.9119459972662, 40.6783399998835)
"416","Rockaway Park-Beach 116 St",696,419,c(-73.9089583358445, 40.6626174881522)
"417","Seneca Av",1818,402,c(-73.9075819988542, 40.702918998949)
"418","Steinway St",15590,91,c(-73.9205264716827, 40.7569873591258)
"419","Sutphin Blvd",4291,318,c(-73.8108329989723, 40.7054179990676)
"420","Sutphin Blvd-Archer Av-JFK Airport",23388,54,c(-73.8080047196383, 40.700382424235)
"421","Vernon Blvd - Jackson Av",15093,96,c(-73.9535809987525, 40.7426259996975)
"422","Woodhaven Blvd",4771,294,c(-73.8520519974079, 40.693703998801)
"423","Woodhaven Blvd",20704,66,c(-73.8694320861235, 40.7330973738097)
"424","Woodside-61 St",16501,83,c(-73.9029840017301, 40.7456300011384)
